unique_id,coupling_constant_ps,integrator,traj_len,up1_nm,up2_nm,force
bounds_water_msm_003,0.001,sd,100000000,0.5,0.7,1000.0
bounds_water_msm_007,0.001,sd,100000000,0.4,0.8,1000.0
bounds_water_msm_008,0.001,sd,100000000,0.7,0.9,1000.0
bounds_water_msm_009,0.001,sd,100000000,0.5,0.7,2000.0
bounds_water_msm_010,0.001,sd,100000000,0.4,0.8,2000.0
bounds_water_msm_011,0.001,sd,100000000,0.7,0.9,2000.0
bounds_water_msm_012,0.001,sd,100000000,0.5,0.7,5000.0
bounds_water_msm_013,0.001,sd,100000000,0.4,0.8,5000.0
bounds_water_msm_014,0.001,sd,100000000,0.7,0.9,5000.0
one_sqra,0.001,sd,100000,0.5,0.7,500.0